,name_en,syllable_count,type_0,type_1,s1,s2,s3,s4,s5
0,Bulbasaur,3,Grass,Poison,bul,ba,saur,,
1,Ivysaur,2,Grass,Poison,ivy,saur,,,
2,Venusaur,3,Grass,Poison,ve,nu,saur,,
3,Charmander,3,Fire,,char,man,der,,
4,Charmeleon,3,Fire,,char,me,leon,,
5,Charizard,3,Fire,Flying,cha,ri,zard,,
6,Squirtle,2,Water,,squir,tle,,,
7,Wartortle,3,Water,,war,tor,tle,,
8,Blastoise,3,Water,,blas,toi,se,,
9,Caterpie,3,Bug,,ca,ter,pie,,
10,Metapod,3,Bug,,me,ta,pod,,
11,Butterfree,3,Bug,Flying,but,ter,free,,
12,Weedle,2,Bug,Poison,wee,dle,,,
13,Kakuna,3,Bug,Poison,ka,ku,na,,
14,Beedrill,2,Bug,Poison,bee,drill,,,
15,Pidgey,2,Normal,Flying,pid,gey,,,
16,Pidgeotto,3,Normal,Flying,pid,geot,to,,
17,Pidgeot,2,Normal,Flying,pid,geot,,,
18,Rattata,3,Normal,,rat,ta,ta,,
19,Raticate,4,Normal,,ra,ti,ca,te,
20,Spearow,2,Normal,Flying,spea,row,,,
21,Fearow,2,Normal,Flying,fea,row,,,
22,Ekans,1,Poison,,ekans,,,,
23,Arbok,1,Poison,,arbok,,,,
24,Pikachu,3,Electric,,pi,kac,hu,,
25,Raichu,2,Electric,,raic,hu,,,
26,Sandshrew,2,Ground,,sands,hrew,,,
27,Sandslash,2,Ground,,san,dslash,,,
28,Nidorina,4,Poison,,ni,do,ri,na,
29,Nidoqueen,4,Poison,Ground,ni,do,que,en,
30,Nidorino,4,Poison,,ni,do,ri,no,
31,Nidoking,3,Poison,Ground,ni,do,king,,
32,Clefairy,3,Fairy,,cle,fai,ry,,
33,Clefable,3,Fairy,,cle,fa,ble,,
34,Vulpix,2,Fire,,vul,pix,,,
35,Ninetales,4,Fire,,ni,ne,ta,les,
36,Jigglypuff,3,Normal,Fairy,jig,gly,puff,,
37,Wigglytuff,3,Normal,Fairy,wig,gly,tuff,,
38,Zubat,2,Poison,Flying,zu,bat,,,
39,Golbat,2,Poison,Flying,gol,bat,,,
40,Oddish,1,Grass,Poison,oddish,,,,
41,Gloom,1,Grass,Poison,gloom,,,,
42,Vileplume,4,Grass,Poison,vi,le,plu,me,
43,Paras,2,Bug,Grass,pa,ras,,,
44,Parasect,3,Bug,Grass,pa,ra,sect,,
45,Venonat,3,Bug,Poison,ve,no,nat,,
46,Venomoth,3,Bug,Poison,ve,no,moth,,
47,Diglett,2,Ground,,di,glett,,,
48,Dugtrio,2,Ground,,dug,trio,,,
49,Meowth,1,Normal,,meowth,,,,
50,Persian,2,Normal,,per,sian,,,
51,Psyduck,2,Water,,psy,duck,,,
52,Golduck,2,Water,,gol,duck,,,
53,Mankey,2,Fighting,,man,key,,,
54,Primeape,3,Fighting,,pri,mea,pe,,
55,Growlithe,3,Fire,,grow,lit,he,,
56,Arcanine,3,Fire,,arca,ni,ne,,
57,Poliwag,3,Water,,po,li,wag,,
58,Poliwhirl,3,Water,,po,liw,hirl,,
59,Poliwrath,3,Water,Fighting,po,liw,rath,,
60,Abra,1,Psychic,,abra,,,,
61,Kadabra,3,Psychic,,ka,da,bra,,
62,Alakazam,3,Psychic,,ala,ka,zam,,
63,Machop,2,Fighting,,mac,hop,,,
64,Machoke,3,Fighting,,mac,ho,ke,,
65,Machamp,2,Fighting,,mac,hamp,,,
66,Bellsprout,2,Grass,Poison,bells,prout,,,
67,Weepinbell,3,Grass,Poison,wee,pin,bell,,
68,Victreebel,3,Grass,Poison,vic,tree,bel,,
69,Tentacool,3,Water,Poison,ten,ta,cool,,
70,Tentacruel,3,Water,Poison,ten,ta,cruel,,
71,Geodude,3,Rock,Ground,geo,du,de,,
72,Graveler,3,Rock,Ground,gra,ve,ler,,
73,Golem,2,Rock,Ground,go,lem,,,
74,Ponyta,3,Fire,,po,ny,ta,,
75,Rapidash,3,Fire,,ra,pi,dash,,
76,Slowpoke,3,Water,Psychic,slow,po,ke,,
77,Slowbro,2,Water,Psychic,slow,bro,,,
78,Magnemite,4,Electric,Steel,ma,gne,mi,te,
79,Magneton,3,Electric,Steel,ma,gne,ton,,
80,Doduo,2,Normal,Flying,do,duo,,,
81,Dodrio,2,Normal,Flying,do,drio,,,
82,Seel,1,Water,,seel,,,,
83,Dewgong,2,Water,Ice,dew,gong,,,
84,Grimer,2,Poison,,gri,mer,,,
85,Muk,1,Poison,,muk,,,,
86,Shellder,2,Water,,shell,der,,,
87,Cloyster,2,Water,Ice,cloys,ter,,,
88,Gastly,2,Ghost,Poison,gas,tly,,,
89,Haunter,2,Ghost,Poison,haun,ter,,,
90,Gengar,2,Ghost,Poison,gen,gar,,,
91,Onix,1,Rock,Ground,onix,,,,
92,Drowzee,2,Psychic,,drow,zee,,,
93,Hypno,2,Psychic,,hy,pno,,,
94,Krabby,2,Water,,krab,by,,,
95,Kingler,2,Water,,kin,gler,,,
96,Voltorb,2,Electric,,vol,torb,,,
97,Electrode,3,Electric,,elec,tro,de,,
98,Exeggcute,3,Grass,Psychic,exegg,cu,te,,
99,Exeggutor,3,Grass,Psychic,exeg,gu,tor,,
100,Cubone,3,Ground,,cu,bo,ne,,
101,Marowak,3,Ground,,ma,ro,wak,,
102,Hitmonlee,3,Fighting,,hi,tmon,lee,,
103,Hitmonchan,3,Fighting,,hi,tmonc,han,,
104,Lickitung,3,Normal,,lic,ki,tung,,
105,Koffing,2,Poison,,kof,fing,,,
106,Weezing,2,Poison,,wee,zing,,,
107,Rhyhorn,2,Ground,Rock,rhy,horn,,,
108,Rhydon,2,Ground,Rock,rhy,don,,,
109,Chansey,2,Normal,,chan,sey,,,
110,Tangela,3,Grass,,tan,ge,la,,
111,Kangaskhan,3,Normal,,kan,gask,han,,
112,Horsea,2,Water,,hor,sea,,,
113,Seadra,2,Water,,sea,dra,,,
114,Goldeen,2,Water,,gol,deen,,,
115,Seaking,2,Water,,sea,king,,,
116,Staryu,2,Water,,sta,ryu,,,
117,Starmie,2,Water,Psychic,star,mie,,,
118,Scyther,2,Bug,Flying,scyt,her,,,
119,Jynx,1,Ice,Psychic,jynx,,,,
120,Electabuzz,3,Electric,,elec,ta,buzz,,
121,Magmar,2,Fire,,ma,gmar,,,
122,Pinsir,2,Bug,,pin,sir,,,
123,Tauros,2,Normal,,tau,ros,,,
124,Magikarp,3,Water,,ma,gi,karp,,
125,Gyarados,3,Water,Flying,gya,ra,dos,,
126,Lapras,2,Water,Ice,la,pras,,,
127,Ditto,2,Normal,,dit,to,,,
128,Eevee,2,Normal,,ee,vee,,,
129,Vaporeon,3,Water,,va,po,reon,,
130,Jolteon,2,Electric,,jol,teon,,,
131,Flareon,2,Fire,,fla,reon,,,
132,Porygon,3,Normal,,po,ry,gon,,
133,Omanyte,3,Rock,Water,oma,ny,te,,
134,Omastar,2,Rock,Water,omas,tar,,,
135,Kabuto,3,Rock,Water,ka,bu,to,,
136,Kabutops,3,Rock,Water,ka,bu,tops,,
137,Aerodactyl,4,Rock,Flying,ae,ro,dac,tyl,
138,Snorlax,2,Normal,,snor,lax,,,
139,Articuno,3,Ice,Flying,arti,cu,no,,
140,Zapdos,2,Electric,Flying,zap,dos,,,
141,Moltres,2,Fire,Flying,mol,tres,,,
142,Dratini,3,Dragon,,dra,ti,ni,,
143,Dragonair,3,Dragon,,dra,go,nair,,
144,Dragonite,4,Dragon,Flying,dra,go,ni,te,
145,Mewtwo,2,Psychic,,mew,two,,,
146,Mew,1,Psychic,,mew,,,,
147,Chikorita,4,Grass,,chi,ko,ri,ta,
148,Bayleef,2,Grass,,bay,leef,,,
149,Meganium,3,Grass,,me,ga,nium,,
150,Cyndaquil,3,Fire,,cyn,da,quil,,
151,Quilava,3,Fire,,qui,la,va,,
152,Typhlosion,3,Fire,,typ,hlo,sion,,
153,Totodile,4,Water,,to,to,di,le,
154,Croconaw,3,Water,,cro,co,naw,,
155,Feraligatr,4,Water,,fe,ra,li,gatr,
156,Sentret,2,Normal,,sen,tret,,,
157,Furret,2,Normal,,fur,ret,,,
158,Hoothoot,2,Normal,Flying,hoot,hoot,,,
159,Noctowl,2,Normal,Flying,noc,towl,,,
160,Ledyba,3,Bug,Flying,le,dy,ba,,
161,Ledian,2,Bug,Flying,le,dian,,,
162,Spinarak,3,Bug,Poison,spi,na,rak,,
163,Ariados,2,Bug,Poison,aria,dos,,,
164,Crobat,2,Poison,Flying,cro,bat,,,
165,Chinchou,2,Water,Electric,chinc,hou,,,
166,Lanturn,2,Water,Electric,lan,turn,,,
167,Pichu,2,Electric,,pic,hu,,,
168,Cleffa,2,Fairy,,clef,fa,,,
169,Igglybuff,2,Normal,Fairy,iggly,buff,,,
170,Togepi,3,Fairy,,to,ge,pi,,
171,Togetic,3,Fairy,Flying,to,ge,tic,,
172,Natu,2,Psychic,Flying,na,tu,,,
173,Xatu,2,Psychic,Flying,xa,tu,,,
174,Mareep,2,Electric,,ma,reep,,,
175,Flaaffy,2,Electric,,flaaf,fy,,,
176,Ampharos,2,Electric,,ampha,ros,,,
177,Bellossom,3,Grass,,bel,los,som,,
178,Marill,2,Water,Fairy,ma,rill,,,
179,Azumarill,3,Water,Fairy,azu,ma,rill,,
180,Sudowoodo,4,Rock,,su,do,woo,do,
181,Politoed,3,Water,,po,li,toed,,
182,Hoppip,2,Grass,Flying,hop,pip,,,
183,Skiploom,2,Grass,Flying,ski,ploom,,,
184,Jumpluff,2,Grass,Flying,jum,pluff,,,
185,Aipom,2,Normal,,ai,pom,,,
186,Sunkern,2,Grass,,sun,kern,,,
187,Sunflora,3,Grass,,sun,flo,ra,,
188,Yanma,2,Bug,Flying,yan,ma,,,
189,Wooper,2,Water,Ground,woo,per,,,
190,Quagsire,3,Water,Ground,qua,gsi,re,,
191,Espeon,1,Psychic,,espeon,,,,
192,Umbreon,1,Dark,,umbreon,,,,
193,Murkrow,2,Dark,Flying,mur,krow,,,
194,Slowking,2,Water,Psychic,slow,king,,,
195,Misdreavus,3,Ghost,,mis,drea,vus,,
196,Unown,1,Psychic,,unown,,,,
197,Wobbuffet,3,Psychic,,wob,buf,fet,,
198,Girafarig,4,Normal,Psychic,gi,ra,fa,rig,
199,Pineco,3,Bug,,pi,ne,co,,
200,Forretress,3,Bug,Steel,for,re,tress,,
201,Dunsparce,3,Normal,,duns,par,ce,,
202,Gligar,2,Ground,Flying,gli,gar,,,
203,Steelix,2,Steel,Ground,stee,lix,,,
204,Snubbull,2,Fairy,,snub,bull,,,
205,Granbull,2,Fairy,,gran,bull,,,
206,Qwilfish,2,Water,Poison,qwil,fish,,,
207,Scizor,2,Bug,Steel,sci,zor,,,
208,Shuckle,2,Bug,Rock,shuc,kle,,,
209,Heracross,3,Bug,Fighting,he,ra,cross,,
210,Sneasel,2,Dark,Ice,snea,sel,,,
211,Teddiursa,3,Normal,,ted,diur,sa,,
212,Ursaring,2,Normal,,ursa,ring,,,
213,Slugma,2,Fire,,slu,gma,,,
214,Magcargo,3,Fire,Rock,mag,car,go,,
215,Swinub,2,Ice,Ground,swi,nub,,,
216,Piloswine,4,Ice,Ground,pi,lo,swi,ne,
217,Corsola,3,Water,Rock,cor,so,la,,
218,Remoraid,3,Water,,re,mo,raid,,
219,Octillery,3,Water,,octil,le,ry,,
220,Delibird,3,Ice,Flying,de,li,bird,,
221,Mantine,3,Water,Flying,man,ti,ne,,
222,Skarmory,3,Steel,Flying,skar,mo,ry,,
223,Houndour,2,Dark,Fire,houn,dour,,,
224,Houndoom,2,Dark,Fire,houn,doom,,,
225,Kingdra,2,Water,Dragon,king,dra,,,
226,Phanpy,2,Ground,,phan,py,,,
227,Donphan,2,Ground,,donp,han,,,
228,Porygon2,3,Normal,,po,ry,gon2,,
229,Stantler,2,Normal,,stan,tler,,,
230,Smeargle,2,Normal,,smear,gle,,,
231,Tyrogue,3,Fighting,,ty,ro,gue,,
232,Hitmontop,3,Fighting,,hi,tmon,top,,
233,Smoochum,2,Ice,Psychic,smooc,hum,,,
234,Elekid,2,Electric,,ele,kid,,,
235,Magby,2,Fire,,mag,by,,,
236,Miltank,2,Normal,,mil,tank,,,
237,Blissey,2,Normal,,blis,sey,,,
238,Raikou,2,Electric,,rai,kou,,,
239,Entei,1,Fire,,entei,,,,
240,Suicune,3,Water,,sui,cu,ne,,
241,Larvitar,3,Rock,Ground,lar,vi,tar,,
242,Pupitar,3,Rock,Ground,pu,pi,tar,,
243,Tyranitar,4,Rock,Dark,ty,ra,ni,tar,
244,Lugia,2,Psychic,Flying,lu,gia,,,
245,Ho-Oh,1,Fire,Flying,ho-oh,,,,
246,Celebi,3,Psychic,Grass,ce,le,bi,,
247,Treecko,2,Grass,,treec,ko,,,
248,Grovyle,3,Grass,,gro,vy,le,,
249,Sceptile,3,Grass,,scep,ti,le,,
250,Torchic,2,Fire,,torc,hic,,,
251,Combusken,3,Fire,Fighting,com,bus,ken,,
252,Blaziken,3,Fire,Fighting,bla,zi,ken,,
253,Mudkip,2,Water,,mud,kip,,,
254,Marshtomp,2,Water,Ground,marsh,tomp,,,
255,Swampert,2,Water,Ground,swam,pert,,,
256,Poochyena,3,Dark,,pooc,hye,na,,
257,Mightyena,3,Dark,,migh,tye,na,,
258,Zigzagoon,3,Normal,,zi,gza,goon,,
259,Linoone,3,Normal,,li,noo,ne,,
260,Wurmple,2,Bug,,wurm,ple,,,
261,Silcoon,2,Bug,,sil,coon,,,
262,Beautifly,4,Bug,Flying,bea,u,ti,fly,
263,Cascoon,2,Bug,,cas,coon,,,
264,Dustox,2,Bug,Poison,dus,tox,,,
265,Lotad,2,Water,Grass,lo,tad,,,
266,Lombre,2,Water,Grass,lom,bre,,,
267,Ludicolo,4,Water,Grass,lu,di,co,lo,
268,Seedot,2,Grass,,see,dot,,,
269,Nuzleaf,2,Grass,Dark,nu,zleaf,,,
270,Shiftry,2,Grass,Dark,shif,try,,,
271,Taillow,2,Normal,Flying,tail,low,,,
272,Swellow,2,Normal,Flying,swel,low,,,
273,Wingull,2,Water,Flying,win,gull,,,
274,Pelipper,3,Water,Flying,pe,lip,per,,
275,Ralts,1,Psychic,Fairy,ralts,,,,
276,Kirlia,2,Psychic,Fairy,kir,lia,,,
277,Gardevoir,3,Psychic,Fairy,gar,de,voir,,
278,Surskit,2,Bug,Water,surs,kit,,,
279,Masquerain,3,Bug,Flying,mas,que,rain,,
280,Shroomish,2,Grass,,shroo,mish,,,
281,Breloom,2,Grass,Fighting,bre,loom,,,
282,Slakoth,2,Normal,,sla,koth,,,
283,Vigoroth,3,Normal,,vi,go,roth,,
284,Slaking,2,Normal,,sla,king,,,
285,Nincada,3,Bug,Ground,nin,ca,da,,
286,Ninjask,2,Bug,Flying,nin,jask,,,
287,Shedinja,3,Bug,Ghost,she,din,ja,,
288,Whismur,2,Normal,,whi,smur,,,
289,Loudred,2,Normal,,lou,dred,,,
290,Exploud,1,Normal,,exploud,,,,
291,Makuhita,4,Fighting,,ma,ku,hi,ta,
292,Hariyama,4,Fighting,,ha,riy,a,ma,
293,Azurill,2,Normal,Fairy,azu,rill,,,
294,Nosepass,3,Rock,,no,se,pass,,
295,Skitty,2,Normal,,skit,ty,,,
296,Delcatty,3,Normal,,del,cat,ty,,
297,Sableye,3,Dark,Ghost,sa,bley,e,,
298,Mawile,3,Steel,Fairy,ma,wi,le,,
299,Aron,1,Steel,Rock,aron,,,,
300,Lairon,2,Steel,Rock,lai,ron,,,
301,Aggron,1,Steel,Rock,aggron,,,,
302,Meditite,4,Fighting,Psychic,me,di,ti,te,
303,Medicham,3,Fighting,Psychic,me,dic,ham,,
304,Electrike,3,Electric,,elec,tri,ke,,
305,Manectric,3,Electric,,ma,nec,tric,,
306,Plusle,2,Electric,,plu,sle,,,
307,Minun,2,Electric,,mi,nun,,,
308,Volbeat,2,Bug,,vol,beat,,,
309,Illumise,3,Bug,,illu,mi,se,,
310,Roselia,3,Grass,Poison,ro,se,lia,,
311,Gulpin,2,Poison,,gul,pin,,,
312,Swalot,2,Poison,,swa,lot,,,
313,Carvanha,3,Water,Dark,car,van,ha,,
314,Sharpedo,3,Water,Dark,shar,pe,do,,
315,Wailmer,2,Water,,wail,mer,,,
316,Wailord,2,Water,,wai,lord,,,
317,Numel,2,Fire,Ground,nu,mel,,,
318,Camerupt,3,Fire,Ground,ca,me,rupt,,
319,Torkoal,2,Fire,,tor,koal,,,
320,Spoink,1,Psychic,,spoink,,,,
321,Grumpig,2,Psychic,,grum,pig,,,
322,Spinda,2,Normal,,spin,da,,,
323,Trapinch,2,Ground,,tra,pinch,,,
324,Vibrava,3,Ground,Dragon,vi,bra,va,,
325,Flygon,2,Ground,Dragon,fly,gon,,,
326,Cacnea,2,Grass,,ca,cnea,,,
327,Cacturne,3,Grass,Dark,cac,tur,ne,,
328,Swablu,2,Normal,Flying,swa,blu,,,
329,Altaria,2,Dragon,Flying,alta,ria,,,
330,Zangoose,3,Normal,,zan,goo,se,,
331,Seviper,3,Poison,,se,vi,per,,
332,Lunatone,4,Rock,Psychic,lu,na,to,ne,
333,Solrock,2,Rock,Psychic,sol,rock,,,
334,Barboach,2,Water,Ground,bar,boach,,,
335,Whiscash,2,Water,Ground,whis,cash,,,
336,Corphish,2,Water,,corp,hish,,,
337,Crawdaunt,2,Water,Dark,craw,daunt,,,
338,Baltoy,2,Ground,Psychic,bal,toy,,,
339,Claydol,2,Ground,Psychic,clay,dol,,,
340,Lileep,2,Rock,Grass,li,leep,,,
341,Cradily,3,Rock,Grass,cra,di,ly,,
342,Anorith,2,Rock,Bug,ano,rith,,,
343,Armaldo,2,Rock,Bug,armal,do,,,
344,Feebas,2,Water,,fee,bas,,,
345,Milotic,3,Water,,mi,lo,tic,,
346,Castform,2,Normal,,cas,tform,,,
347,Kecleon,2,Normal,,ke,cleon,,,
348,Shuppet,2,Ghost,,shup,pet,,,
349,Banette,3,Ghost,,ba,net,te,,
350,Duskull,2,Ghost,,dus,kull,,,
351,Dusclops,2,Ghost,,dus,clops,,,
352,Tropius,2,Grass,Flying,tro,pius,,,
353,Chimecho,3,Psychic,,chi,mec,ho,,
354,Absol,1,Dark,,absol,,,,
355,Wynaut,2,Psychic,,wy,naut,,,
356,Snorunt,2,Ice,,sno,runt,,,
357,Glalie,2,Ice,,gla,lie,,,
358,Spheal,1,Ice,Water,spheal,,,,
359,Sealeo,2,Ice,Water,sea,leo,,,
360,Walrein,2,Ice,Water,wal,rein,,,
361,Clamperl,2,Water,,clam,perl,,,
362,Huntail,2,Water,,hun,tail,,,
363,Gorebyss,3,Water,,go,re,byss,,
364,Relicanth,3,Water,Rock,re,li,canth,,
365,Luvdisc,2,Water,,luv,disc,,,
366,Bagon,2,Dragon,,ba,gon,,,
367,Shelgon,2,Dragon,,shel,gon,,,
368,Salamence,4,Dragon,Flying,sa,la,men,ce,
369,Beldum,2,Steel,Psychic,bel,dum,,,
370,Metang,2,Steel,Psychic,me,tang,,,
371,Metagross,3,Steel,Psychic,me,ta,gross,,
372,Regirock,3,Rock,,re,gi,rock,,
373,Regice,3,Ice,,re,gi,ce,,
374,Registeel,3,Steel,,re,gis,teel,,
375,Latias,2,Dragon,Psychic,la,tias,,,
376,Latios,2,Dragon,Psychic,la,tios,,,
377,Kyogre,2,Water,,kyo,gre,,,
378,Groudon,2,Ground,,grou,don,,,
379,Rayquaza,3,Dragon,Flying,ray,qua,za,,
380,Jirachi,3,Steel,Psychic,ji,rac,hi,,
381,Turtwig,2,Grass,,tur,twig,,,
382,Grotle,2,Grass,,gro,tle,,,
383,Torterra,3,Grass,Ground,tor,ter,ra,,
384,Chimchar,2,Fire,,chimc,har,,,
385,Monferno,3,Fire,Fighting,mon,fer,no,,
386,Infernape,3,Fire,Fighting,infer,na,pe,,
387,Piplup,2,Water,,pi,plup,,,
388,Prinplup,2,Water,,prin,plup,,,
389,Empoleon,2,Water,Steel,empo,leon,,,
390,Starly,2,Normal,Flying,star,ly,,,
391,Staravia,3,Normal,Flying,sta,ra,via,,
392,Staraptor,3,Normal,Flying,sta,rap,tor,,
393,Bidoof,2,Normal,,bi,doof,,,
394,Bibarel,3,Normal,Water,bi,ba,rel,,
395,Kricketot,3,Bug,,kric,ke,tot,,
396,Kricketune,4,Bug,,kric,ke,tu,ne,
397,Shinx,1,Electric,,shinx,,,,
398,Luxio,2,Electric,,lu,xio,,,
399,Luxray,2,Electric,,lu,xray,,,
400,Budew,2,Grass,Poison,bu,dew,,,
401,Roserade,4,Grass,Poison,ro,se,ra,de,
402,Cranidos,3,Rock,,cra,ni,dos,,
403,Rampardos,3,Rock,,ram,par,dos,,
404,Shieldon,2,Rock,Steel,shiel,don,,,
405,Bastiodon,3,Rock,Steel,bas,tio,don,,
406,Mothim,2,Bug,Flying,mot,him,,,
407,Combee,2,Bug,Flying,com,bee,,,
408,Vespiquen,3,Bug,Flying,ves,pi,quen,,
409,Pachirisu,4,Electric,,pac,hi,ri,su,
410,Buizel,2,Water,,bui,zel,,,
411,Floatzel,2,Water,,floa,tzel,,,
412,Cherubi,3,Grass,,che,ru,bi,,
413,Ambipom,2,Normal,,ambi,pom,,,
414,Drifloon,2,Ghost,Flying,dri,floon,,,
415,Drifblim,2,Ghost,Flying,drif,blim,,,
416,Buneary,3,Normal,,bu,nea,ry,,
417,Lopunny,3,Normal,,lo,pun,ny,,
418,Mismagius,3,Ghost,,mi,sma,gius,,
419,Honchkrow,2,Dark,Flying,honch,krow,,,
420,Glameow,2,Normal,,gla,meow,,,
421,Purugly,3,Normal,,pu,ru,gly,,
422,Chingling,2,Psychic,,chin,gling,,,
423,Stunky,2,Poison,Dark,stun,ky,,,
424,Skuntank,2,Poison,Dark,skun,tank,,,
425,Bronzor,2,Steel,Psychic,bron,zor,,,
426,Bronzong,2,Steel,Psychic,bron,zong,,,
427,Bonsly,2,Rock,,bon,sly,,,
428,Happiny,3,Normal,,hap,pi,ny,,
429,Chatot,2,Normal,Flying,cha,tot,,,
430,Spiritomb,3,Ghost,Dark,spi,ri,tomb,,
431,Gible,2,Dragon,Ground,gi,ble,,,
432,Gabite,3,Dragon,Ground,ga,bi,te,,
433,Garchomp,2,Dragon,Ground,garc,homp,,,
434,Munchlax,2,Normal,,munc,hlax,,,
435,Riolu,2,Fighting,,rio,lu,,,
436,Lucario,3,Fighting,Steel,lu,ca,rio,,
437,Hippopotas,4,Ground,,hip,po,po,tas,
438,Hippowdon,3,Ground,,hip,pow,don,,
439,Skorupi,3,Poison,Bug,sko,ru,pi,,
440,Drapion,2,Poison,Dark,dra,pion,,,
441,Croagunk,2,Poison,Fighting,croa,gunk,,,
442,Toxicroak,3,Poison,Fighting,to,xi,croak,,
443,Carnivine,4,Grass,,car,ni,vi,ne,
444,Finneon,2,Water,,fin,neon,,,
445,Lumineon,3,Water,,lu,mi,neon,,
446,Mantyke,3,Water,Flying,man,ty,ke,,
447,Snover,2,Grass,Ice,sno,ver,,,
448,Abomasnow,3,Grass,Ice,abo,ma,snow,,
449,Weavile,3,Dark,Ice,wea,vi,le,,
450,Magnezone,4,Electric,Steel,ma,gne,zo,ne,
451,Lickilicky,4,Normal,,lic,ki,lic,ky,
452,Rhyperior,3,Ground,Rock,rhy,pe,rior,,
453,Tangrowth,2,Grass,,tan,growth,,,
454,Electivire,4,Electric,,elec,ti,vi,re,
455,Magmortar,3,Fire,,ma,gmor,tar,,
456,Togekiss,3,Fairy,Flying,to,ge,kiss,,
457,Yanmega,3,Bug,Flying,yan,me,ga,,
458,Leafeon,2,Grass,,lea,feon,,,
459,Glaceon,2,Ice,,gla,ceon,,,
460,Gliscor,2,Ground,Flying,glis,cor,,,
461,Mamoswine,4,Ice,Ground,ma,mo,swi,ne,
462,Porygon-Z,3,Normal,,po,ry,gon-z,,
463,Gallade,3,Psychic,Fighting,gal,la,de,,
464,Probopass,3,Rock,Steel,pro,bo,pass,,
465,Dusknoir,2,Ghost,,dus,knoir,,,
466,Froslass,2,Ice,Ghost,fro,slass,,,
467,Uxie,1,Psychic,,uxie,,,,
468,Mesprit,2,Psychic,,mes,prit,,,
469,Azelf,1,Psychic,,azelf,,,,
470,Dialga,2,Steel,Dragon,dial,ga,,,
471,Palkia,2,Water,Dragon,pal,kia,,,
472,Heatran,2,Fire,Steel,hea,tran,,,
473,Regigigas,4,Normal,,re,gi,gi,gas,
474,Cresselia,3,Psychic,,cres,se,lia,,
475,Phione,2,Water,,phio,ne,,,
476,Manaphy,3,Water,,ma,nap,hy,,
477,Darkrai,2,Dark,,dar,krai,,,
478,Victini,3,Psychic,Fire,vic,ti,ni,,
479,Snivy,2,Grass,,sni,vy,,,
480,Servine,3,Grass,,ser,vi,ne,,
481,Serperior,3,Grass,,ser,pe,rior,,
482,Tepig,2,Fire,,te,pig,,,
483,Pignite,3,Fire,Fighting,pi,gni,te,,
484,Emboar,1,Fire,Fighting,emboar,,,,
485,Oshawott,2,Water,,osha,wott,,,
486,Dewott,2,Water,,de,wott,,,
487,Samurott,3,Water,,sa,mu,rott,,
488,Patrat,2,Normal,,pa,trat,,,
489,Watchog,2,Normal,,watc,hog,,,
490,Lillipup,3,Normal,,lil,li,pup,,
491,Herdier,2,Normal,,her,dier,,,
492,Stoutland,2,Normal,,stou,tland,,,
493,Purrloin,2,Dark,,purr,loin,,,
494,Liepard,2,Dark,,lie,pard,,,
495,Pansage,3,Grass,,pan,sa,ge,,
496,Simisage,4,Grass,,si,mi,sa,ge,
497,Pansear,2,Fire,,pan,sear,,,
498,Simisear,3,Fire,,si,mi,sear,,
499,Panpour,2,Water,,pan,pour,,,
500,Simipour,3,Water,,si,mi,pour,,
501,Munna,2,Psychic,,mun,na,,,
502,Musharna,3,Psychic,,mus,har,na,,
503,Pidove,3,Normal,Flying,pi,do,ve,,
504,Tranquill,2,Normal,Flying,tran,quill,,,
505,Unfezant,2,Normal,Flying,unfe,zant,,,
506,Blitzle,2,Electric,,bli,tzle,,,
507,Zebstrika,3,Electric,,zebs,tri,ka,,
508,Roggenrola,4,Rock,,rog,gen,ro,la,
509,Boldore,3,Rock,,bol,do,re,,
510,Gigalith,3,Rock,,gi,ga,lith,,
511,Woobat,2,Psychic,Flying,woo,bat,,,
512,Swoobat,2,Psychic,Flying,swoo,bat,,,
513,Drilbur,2,Ground,,dril,bur,,,
514,Excadrill,2,Ground,Steel,exca,drill,,,
515,Audino,3,Normal,,au,di,no,,
516,Timburr,2,Fighting,,tim,burr,,,
517,Gurdurr,2,Fighting,,gur,durr,,,
518,Conkeldurr,3,Fighting,,con,kel,durr,,
519,Tympole,3,Water,,tym,po,le,,
520,Palpitoad,3,Water,Ground,pal,pi,toad,,
521,Seismitoad,3,Water,Ground,sei,smi,toad,,
522,Throh,1,Fighting,,throh,,,,
523,Sawk,1,Fighting,,sawk,,,,
524,Sewaddle,3,Bug,Grass,se,wad,dle,,
525,Swadloon,2,Bug,Grass,swa,dloon,,,
526,Leavanny,3,Bug,Grass,lea,van,ny,,
527,Venipede,4,Bug,Poison,ve,ni,pe,de,
528,Whirlipede,4,Bug,Poison,whir,li,pe,de,
529,Scolipede,4,Bug,Poison,sco,li,pe,de,
530,Cottonee,3,Grass,Fairy,cot,to,nee,,
531,Whimsicott,3,Grass,Fairy,whim,si,cott,,
532,Petilil,3,Grass,,pe,ti,lil,,
533,Lilligant,3,Grass,,lil,li,gant,,
534,Sandile,3,Ground,Dark,san,di,le,,
535,Krokorok,3,Ground,Dark,kro,ko,rok,,
536,Krookodile,4,Ground,Dark,kroo,ko,di,le,
537,Darumaka,4,Fire,,da,ru,ma,ka,
538,Maractus,3,Grass,,ma,rac,tus,,
539,Dwebble,2,Bug,Rock,dweb,ble,,,
540,Crustle,2,Bug,Rock,crus,tle,,,
541,Scraggy,2,Dark,Fighting,scrag,gy,,,
542,Scrafty,2,Dark,Fighting,scraf,ty,,,
543,Sigilyph,3,Psychic,Flying,si,gi,lyph,,
544,Yamask,2,Ghost,,ya,mask,,,
545,Cofagrigus,4,Ghost,,co,fa,gri,gus,
546,Tirtouga,3,Water,Rock,tir,tou,ga,,
547,Carracosta,4,Water,Rock,car,ra,cos,ta,
548,Archen,1,Rock,Flying,archen,,,,
549,Archeops,1,Rock,Flying,archeops,,,,
550,Trubbish,2,Poison,,trub,bish,,,
551,Garbodor,3,Poison,,gar,bo,dor,,
552,Zorua,2,Dark,,zo,rua,,,
553,Zoroark,2,Dark,,zo,roark,,,
554,Minccino,3,Normal,,minc,ci,no,,
555,Cinccino,3,Normal,,cinc,ci,no,,
556,Gothita,3,Psychic,,got,hi,ta,,
557,Gothorita,4,Psychic,,got,ho,ri,ta,
558,Gothitelle,4,Psychic,,got,hi,tel,le,
559,Solosis,3,Psychic,,so,lo,sis,,
560,Duosion,2,Psychic,,duo,sion,,,
561,Reuniclus,3,Psychic,,reu,ni,clus,,
562,Ducklett,2,Water,Flying,duc,klett,,,
563,Swanna,2,Water,Flying,swan,na,,,
564,Vanillite,4,Ice,,va,nil,li,te,
565,Vanillish,3,Ice,,va,nil,lish,,
566,Vanilluxe,4,Ice,,va,nil,lu,xe,
567,Emolga,2,Electric,Flying,emol,ga,,,
568,Karrablast,3,Bug,,kar,ra,blast,,
569,Escavalier,3,Bug,Steel,esca,va,lier,,
570,Foongus,2,Grass,Poison,foon,gus,,,
571,Amoonguss,2,Grass,Poison,amoon,guss,,,
572,Frillish,2,Water,Ghost,fril,lish,,,
573,Jellicent,3,Water,Ghost,jel,li,cent,,
574,Alomomola,4,Water,,alo,mo,mo,la,
575,Joltik,2,Bug,Electric,jol,tik,,,
576,Galvantula,4,Bug,Electric,gal,van,tu,la,
577,Ferroseed,3,Grass,Steel,fer,ro,seed,,
578,Ferrothorn,3,Grass,Steel,fer,rot,horn,,
579,Klink,1,Steel,,klink,,,,
580,Klang,1,Steel,,klang,,,,
581,Klinklang,2,Steel,,klin,klang,,,
582,Tynamo,3,Electric,,ty,na,mo,,
583,Eelektrik,3,Electric,,ee,lek,trik,,
584,Eelektross,3,Electric,,ee,lek,tross,,
585,Elgyem,1,Psychic,,elgyem,,,,
586,Beheeyem,4,Psychic,,be,hee,y,em,
587,Litwick,2,Ghost,Fire,li,twick,,,
588,Lampent,2,Ghost,Fire,lam,pent,,,
589,Chandelure,4,Ghost,Fire,chan,de,lu,re,
590,Axew,1,Dragon,,axew,,,,
591,Fraxure,3,Dragon,,fra,xu,re,,
592,Haxorus,3,Dragon,,ha,xo,rus,,
593,Cubchoo,2,Ice,,cubc,hoo,,,
594,Beartic,2,Ice,,bear,tic,,,
595,Cryogonal,3,Ice,,cryo,go,nal,,
596,Shelmet,2,Bug,,shel,met,,,
597,Accelgor,2,Bug,,accel,gor,,,
598,Stunfisk,2,Ground,Electric,stun,fisk,,,
599,Mienfoo,2,Fighting,,mien,foo,,,
600,Mienshao,2,Fighting,,miens,hao,,,
601,Druddigon,3,Dragon,,drud,di,gon,,
602,Golett,2,Ground,Ghost,go,lett,,,
603,Golurk,2,Ground,Ghost,go,lurk,,,
604,Pawniard,2,Dark,Steel,paw,niard,,,
605,Bisharp,2,Dark,Steel,bis,harp,,,
606,Bouffalant,3,Normal,,bouf,fa,lant,,
607,Rufflet,2,Normal,Flying,ruf,flet,,,
608,Braviary,3,Normal,Flying,bra,via,ry,,
609,Vullaby,3,Dark,Flying,vul,la,by,,
610,Mandibuzz,3,Dark,Flying,man,di,buzz,,
611,Heatmor,2,Fire,,hea,tmor,,,
612,Durant,2,Bug,Steel,du,rant,,,
613,Deino,2,Dark,Dragon,dei,no,,,
614,Zweilous,2,Dark,Dragon,zwei,lous,,,
615,Hydreigon,3,Dark,Dragon,hy,drei,gon,,
616,Larvesta,3,Bug,Fire,lar,ves,ta,,
617,Volcarona,4,Bug,Fire,vol,ca,ro,na,
618,Cobalion,3,Steel,Fighting,co,ba,lion,,
619,Terrakion,3,Rock,Fighting,ter,ra,kion,,
620,Virizion,3,Grass,Fighting,vi,ri,zion,,
621,Reshiram,3,Dragon,Fire,res,hi,ram,,
622,Zekrom,2,Dragon,Electric,ze,krom,,,
623,Kyurem,2,Dragon,Ice,kyu,rem,,,
624,Chespin,2,Grass,,ches,pin,,,
625,Quilladin,3,Grass,,quil,la,din,,
626,Chesnaught,2,Grass,Fighting,che,snaught,,,
627,Fennekin,3,Fire,,fen,ne,kin,,
628,Braixen,2,Fire,,brai,xen,,,
629,Delphox,2,Fire,Psychic,delp,hox,,,
630,Froakie,2,Water,,froa,kie,,,
631,Frogadier,3,Water,,fro,ga,dier,,
632,Greninja,3,Water,Dark,gre,nin,ja,,
633,Bunnelby,3,Normal,,bun,nel,by,,
634,Diggersby,3,Normal,Ground,dig,gers,by,,
635,Fletchling,2,Normal,Flying,fletc,hling,,,
636,Fletchinder,3,Fire,Flying,fletc,hin,der,,
637,Talonflame,4,Fire,Flying,ta,lon,fla,me,
638,Scatterbug,3,Bug,,scat,ter,bug,,
639,Spewpa,2,Bug,,spew,pa,,,
640,Litleo,2,Fire,Normal,li,tleo,,,
641,Pyroar,2,Fire,Normal,py,roar,,,
642,Skiddo,2,Grass,,skid,do,,,
643,Gogoat,2,Grass,,go,goat,,,
644,Pancham,2,Fighting,,panc,ham,,,
645,Pangoro,3,Fighting,Dark,pan,go,ro,,
646,Espurr,1,Psychic,,espurr,,,,
647,Honedge,3,Steel,Ghost,ho,ned,ge,,
648,Doublade,3,Steel,Ghost,dou,bla,de,,
649,Spritzee,2,Fairy,,spri,tzee,,,
650,Aromatisse,4,Fairy,,aro,ma,tis,se,
651,Swirlix,2,Fairy,,swir,lix,,,
652,Slurpuff,2,Fairy,,slur,puff,,,
653,Inkay,1,Dark,Psychic,inkay,,,,
654,Malamar,3,Dark,Psychic,ma,la,mar,,
655,Binacle,3,Rock,Water,bi,na,cle,,
656,Barbaracle,4,Rock,Water,bar,ba,ra,cle,
657,Skrelp,1,Poison,Water,skrelp,,,,
658,Dragalge,3,Poison,Dragon,dra,gal,ge,,
659,Clauncher,2,Water,,claunc,her,,,
660,Clawitzer,3,Water,,cla,wi,tzer,,
661,Helioptile,4,Electric,Normal,he,liop,ti,le,
662,Heliolisk,3,Electric,Normal,he,lio,lisk,,
663,Tyrunt,2,Rock,Dragon,ty,runt,,,
664,Tyrantrum,3,Rock,Dragon,ty,ran,trum,,
665,Amaura,2,Rock,Ice,amau,ra,,,
666,Aurorus,3,Rock,Ice,au,ro,rus,,
667,Sylveon,2,Fairy,,syl,veon,,,
668,Hawlucha,3,Fighting,Flying,haw,luc,ha,,
669,Dedenne,3,Electric,Fairy,de,den,ne,,
670,Carbink,2,Rock,Fairy,car,bink,,,
671,Goomy,2,Dragon,,goo,my,,,
672,Sliggoo,2,Dragon,,slig,goo,,,
673,Goodra,2,Dragon,,goo,dra,,,
674,Klefki,2,Steel,Fairy,klef,ki,,,
675,Phantump,2,Ghost,Grass,phan,tump,,,
676,Trevenant,3,Ghost,Grass,tre,ve,nant,,
677,Pumpkaboo,3,Ghost,Grass,pump,ka,boo,,
678,Gourgeist,2,Ghost,Grass,gour,geist,,,
679,Bergmite,3,Ice,,ber,gmi,te,,
680,Avalugg,2,Ice,,ava,lugg,,,
681,Noibat,2,Flying,Dragon,noi,bat,,,
682,Noivern,2,Flying,Dragon,noi,vern,,,
683,Yveltal,2,Dark,Flying,yvel,tal,,,
684,Diancie,2,Rock,Fairy,dian,cie,,,
685,Volcanion,3,Fire,Water,vol,ca,nion,,
686,Rowlet,2,Grass,Flying,row,let,,,
687,Dartrix,2,Grass,Flying,dar,trix,,,
688,Decidueye,5,Grass,Ghost,de,ci,due,y,e
689,Litten,2,Fire,,lit,ten,,,
690,Torracat,3,Fire,,tor,ra,cat,,
691,Incineroar,3,Fire,Dark,inci,ne,roar,,
692,Popplio,2,Water,,pop,plio,,,
693,Brionne,2,Water,,brion,ne,,,
694,Primarina,4,Water,Fairy,pri,ma,ri,na,
695,Pikipek,3,Normal,Flying,pi,ki,pek,,
696,Trumbeak,2,Normal,Flying,trum,beak,,,
697,Toucannon,3,Normal,Flying,tou,can,non,,
698,Yungoos,2,Normal,,yun,goos,,,
699,Gumshoos,2,Normal,,gums,hoos,,,
700,Grubbin,2,Bug,,grub,bin,,,
701,Charjabug,3,Bug,Electric,char,ja,bug,,
702,Vikavolt,3,Bug,Electric,vi,ka,volt,,
703,Crabrawler,3,Fighting,,cra,braw,ler,,
704,Crabominable,5,Fighting,Ice,cra,bo,mi,na,ble
705,Cutiefly,3,Bug,Fairy,cu,tie,fly,,
706,Ribombee,3,Bug,Fairy,ri,bom,bee,,
707,Rockruff,2,Rock,,roc,kruff,,,
708,Mareanie,3,Poison,Water,ma,rea,nie,,
709,Toxapex,3,Poison,Water,to,xa,pex,,
710,Mudbray,2,Ground,,mud,bray,,,
711,Mudsdale,3,Ground,,muds,da,le,,
712,Dewpider,3,Water,Bug,dew,pi,der,,
713,Araquanid,3,Water,Bug,ara,qua,nid,,
714,Fomantis,3,Grass,,fo,man,tis,,
715,Lurantis,3,Grass,,lu,ran,tis,,
716,Morelull,3,Grass,Fairy,mo,re,lull,,
717,Shiinotic,3,Grass,Fairy,shii,no,tic,,
718,Salandit,3,Poison,Fire,sa,lan,dit,,
719,Salazzle,3,Poison,Fire,sa,laz,zle,,
720,Stufful,2,Normal,Fighting,stuf,ful,,,
721,Bewear,2,Normal,Fighting,be,wear,,,
722,Bounsweet,2,Grass,,boun,sweet,,,
723,Steenee,2,Grass,,stee,nee,,,
724,Tsareena,3,Grass,,tsa,ree,na,,
725,Comfey,2,Fairy,,com,fey,,,
726,Oranguru,3,Normal,Psychic,oran,gu,ru,,
727,Passimian,3,Fighting,,pas,si,mian,,
728,Wimpod,2,Bug,Water,wim,pod,,,
729,Golisopod,4,Bug,Water,go,li,so,pod,
730,Sandygast,3,Ghost,Ground,san,dy,gast,,
731,Palossand,3,Ghost,Ground,pa,los,sand,,
732,Pyukumuku,4,Water,,pyu,ku,mu,ku,
733,Komala,3,Normal,,ko,ma,la,,
734,Turtonator,4,Fire,Dragon,tur,to,na,tor,
735,Togedemaru,5,Electric,Steel,to,ge,de,ma,ru
736,Bruxish,2,Water,Psychic,bru,xish,,,
737,Drampa,2,Normal,Dragon,dram,pa,,,
738,Dhelmise,3,Ghost,Grass,dhel,mi,se,,
739,Jangmo-o,3,Dragon,,jan,gmo,o,,
740,Hakamo-o,4,Dragon,Fighting,ha,ka,mo,o,
741,Kommo-o,3,Dragon,Fighting,kom,mo,o,,
742,Tapu Koko,4,Electric,Fairy,ta,pu,ko,ko,
743,Tapu Lele,4,Psychic,Fairy,ta,pu,le,le,
744,Tapu Bulu,4,Grass,Fairy,ta,pu,bu,lu,
745,Tapu Fini,4,Water,Fairy,ta,pu,fi,ni,
746,Cosmog,2,Psychic,,co,smog,,,
747,Cosmoem,2,Psychic,,co,smoem,,,
748,Solgaleo,3,Psychic,Steel,sol,ga,leo,,
749,Lunala,3,Psychic,Ghost,lu,na,la,,
750,Nihilego,4,Rock,Poison,ni,hi,le,go,
751,Buzzwole,3,Bug,Fighting,buz,zwo,le,,
752,Pheromosa,4,Bug,Fighting,phe,ro,mo,sa,
753,Xurkitree,3,Electric,,xur,ki,tree,,
754,Celesteela,4,Steel,Flying,ce,les,tee,la,
755,Kartana,3,Grass,Steel,kar,ta,na,,
756,Guzzlord,2,Dark,Dragon,guz,zlord,,,
757,Necrozma,3,Psychic,,ne,cro,zma,,
758,Magearna,3,Steel,Fairy,ma,gear,na,,
759,Marshadow,3,Fighting,Ghost,mars,ha,dow,,
760,Poipole,3,Poison,,poi,po,le,,
761,Naganadel,4,Poison,Dragon,na,ga,na,del,
762,Stakataka,4,Rock,Steel,sta,ka,ta,ka,
763,Blacephalon,4,Fire,Ghost,bla,cep,ha,lon,
764,Zeraora,3,Electric,,ze,rao,ra,,
765,Meltan,2,Steel,,mel,tan,,,
766,Melmetal,3,Steel,,mel,me,tal,,
767,Grookey,2,Grass,,groo,key,,,
768,Thwackey,2,Grass,,thwac,key,,,
769,Rillaboom,3,Grass,,ril,la,boom,,
770,Scorbunny,3,Fire,,scor,bun,ny,,
771,Raboot,2,Fire,,ra,boot,,,
772,Cinderace,4,Fire,,cin,de,ra,ce,
773,Sobble,2,Water,,sob,ble,,,
774,Drizzile,3,Water,,driz,zi,le,,
775,Inteleon,2,Water,,inte,leon,,,
776,Skwovet,2,Normal,,skwo,vet,,,
777,Greedent,2,Normal,,gree,dent,,,
778,Rookidee,3,Flying,,roo,ki,dee,,
779,Corvisquire,4,Flying,,cor,vis,qui,re,
780,Corviknight,3,Flying,Steel,cor,vi,knight,,
781,Blipbug,2,Bug,,blip,bug,,,
782,Dottler,2,Bug,Psychic,dot,tler,,,
783,Orbeetle,2,Bug,Psychic,orbee,tle,,,
784,Nickit,2,Dark,,nic,kit,,,
785,Thievul,2,Dark,,thie,vul,,,
786,Gossifleur,3,Grass,,gos,si,fleur,,
787,Eldegoss,2,Grass,,elde,goss,,,
788,Wooloo,2,Normal,,woo,loo,,,
789,Dubwool,2,Normal,,du,bwool,,,
790,Chewtle,2,Water,,chew,tle,,,
791,Drednaw,2,Water,Rock,dre,dnaw,,,
792,Yamper,2,Electric,,yam,per,,,
793,Boltund,2,Electric,,bol,tund,,,
794,Rolycoly,4,Rock,,ro,ly,co,ly,
795,Carkol,2,Rock,Fire,car,kol,,,
796,Coalossal,3,Rock,Fire,coa,los,sal,,
797,Applin,1,Grass,Dragon,applin,,,,
798,Flapple,2,Grass,Dragon,flap,ple,,,
799,Appletun,2,Grass,Dragon,apple,tun,,,
800,Silicobra,4,Ground,,si,li,co,bra,
801,Sandaconda,4,Ground,,san,da,con,da,
802,Cramorant,3,Flying,Water,cra,mo,rant,,
803,Arrokuda,3,Water,,arro,ku,da,,
804,Barraskewda,4,Water,,bar,ras,kew,da,
805,Toxel,2,Electric,Poison,to,xel,,,
806,Sizzlipede,4,Fire,Bug,siz,zli,pe,de,
807,Centiskorch,3,Fire,Bug,cen,tis,korch,,
808,Clobbopus,3,Fighting,,clob,bo,pus,,
809,Grapploct,2,Fighting,,grap,ploct,,,
810,Sinistea,3,Ghost,,si,nis,tea,,
811,Polteageist,3,Ghost,,pol,tea,geist,,
812,Hatenna,3,Psychic,,ha,ten,na,,
813,Hattrem,2,Psychic,,hat,trem,,,
814,Hatterene,4,Psychic,Fairy,hat,te,re,ne,
815,Impidimp,2,Dark,Fairy,impi,dimp,,,
816,Morgrem,2,Dark,Fairy,mor,grem,,,
817,Grimmsnarl,2,Dark,Fairy,grimm,snarl,,,
818,Obstagoon,2,Dark,Normal,obsta,goon,,,
819,Perrserker,3,Steel,,perr,ser,ker,,
820,Cursola,3,Ghost,,cur,so,la,,
821,Mr. Rime,2,Ice,Psychic,mr.ri,me,,,
822,Runerigus,4,Ground,Ghost,ru,ne,ri,gus,
823,Milcery,3,Fairy,,mil,ce,ry,,
824,Falinks,2,Fighting,,fa,links,,,
825,Pincurchin,3,Electric,,pin,curc,hin,,
826,Snom,1,Ice,Bug,snom,,,,
827,Frosmoth,2,Ice,Bug,fro,smoth,,,
828,Stonjourner,3,Rock,,ston,jour,ner,,
829,Cufant,2,Steel,,cu,fant,,,
830,Copperajah,4,Steel,,cop,pe,ra,jah,
831,Dracozolt,3,Electric,Dragon,dra,co,zolt,,
832,Arctozolt,2,Electric,Ice,arcto,zolt,,,
833,Dracovish,3,Water,Dragon,dra,co,vish,,
834,Arctovish,2,Water,Ice,arcto,vish,,,
835,Duraludon,4,Steel,Dragon,du,ra,lu,don,
836,Dreepy,2,Dragon,Ghost,dree,py,,,
837,Drakloak,2,Dragon,Ghost,dra,kloak,,,
838,Dragapult,3,Dragon,Ghost,dra,ga,pult,,
839,Eternatus,3,Poison,Dragon,eter,na,tus,,
840,Kubfu,2,Fighting,,ku,bfu,,,
841,Zarude,3,Dark,Grass,za,ru,de,,
842,Regieleki,4,Electric,,re,gie,le,ki,
843,Regidrago,4,Dragon,,re,gi,dra,go,
844,Glastrier,2,Ice,,glas,trier,,,
845,Spectrier,2,Ghost,,spec,trier,,,
846,Calyrex,3,Psychic,Grass,ca,ly,rex,,
847,Wyrdeer,2,Normal,Psychic,wyr,deer,,,
848,Kleavor,2,Bug,Rock,klea,vor,,,
849,Ursaluna,3,Ground,Normal,ursa,lu,na,,
850,Sneasler,2,Fighting,Poison,snea,sler,,,
851,Overqwil,2,Dark,Poison,over,qwil,,,
852,Sprigatito,4,Grass,,spri,ga,ti,to,
853,Floragato,4,Grass,,flo,ra,ga,to,
854,Meowscarada,4,Grass,Dark,meows,ca,ra,da,
855,Fuecoco,3,Fire,,fue,co,co,,
856,Crocalor,3,Fire,,cro,ca,lor,,
857,Skeledirge,4,Fire,Ghost,ske,le,dir,ge,
858,Quaxly,2,Water,,qua,xly,,,
859,Quaxwell,2,Water,,qua,xwell,,,
860,Quaquaval,3,Water,Fighting,qua,qua,val,,
861,Lechonk,2,Normal,,lec,honk,,,
862,Tarountula,4,Bug,,ta,roun,tu,la,
863,Spidops,2,Bug,,spi,dops,,,
864,Nymble,2,Bug,,nym,ble,,,
865,Lokix,2,Bug,Dark,lo,kix,,,
866,Pawmi,2,Electric,,paw,mi,,,
867,Pawmo,2,Electric,Fighting,paw,mo,,,
868,Pawmot,2,Electric,Fighting,paw,mot,,,
869,Tandemaus,3,Normal,,tan,de,maus,,
870,Fidough,2,Fairy,,fi,dough,,,
871,Dachsbun,2,Fairy,,dachs,bun,,,
872,Smoliv,2,Grass,Normal,smo,liv,,,
873,Dolliv,2,Grass,Normal,dol,liv,,,
874,Arboliva,3,Grass,Normal,arbo,li,va,,
875,Nacli,2,Rock,,na,cli,,,
876,Naclstack,2,Rock,,nacls,tack,,,
877,Garganacl,3,Rock,,gar,ga,nacl,,
878,Charcadet,3,Fire,,char,ca,det,,
879,Armarouge,3,Fire,Psychic,arma,rou,ge,,
880,Ceruledge,4,Fire,Ghost,ce,ru,led,ge,
881,Tadbulb,2,Electric,,tad,bulb,,,
882,Bellibolt,3,Electric,,bel,li,bolt,,
883,Wattrel,2,Electric,Flying,wat,trel,,,
884,Kilowattrel,4,Electric,Flying,ki,lo,wat,trel,
885,Maschiff,2,Dark,,masc,hiff,,,
886,Mabosstiff,3,Dark,,ma,boss,tiff,,
887,Shroodle,2,Poison,Normal,shroo,dle,,,
888,Grafaiai,4,Poison,Normal,gra,fai,a,i,
889,Bramblin,2,Grass,Ghost,bram,blin,,,
890,Brambleghast,3,Grass,Ghost,bram,bleg,hast,,
891,Toedscool,2,Ground,Grass,toeds,cool,,,
892,Toedscruel,2,Ground,Grass,toeds,cruel,,,
893,Klawf,1,Rock,,klawf,,,,
894,Capsakid,3,Grass,,ca,psa,kid,,
895,Scovillain,3,Grass,Fire,sco,vil,lain,,
896,Rellor,2,Bug,,rel,lor,,,
897,Rabsca,2,Bug,Psychic,rabs,ca,,,
898,Flittle,2,Psychic,,flit,tle,,,
899,Espathra,2,Psychic,,espat,hra,,,
900,Tinkatink,3,Fairy,Steel,tin,ka,tink,,
901,Tinkatuff,3,Fairy,Steel,tin,ka,tuff,,
902,Tinkaton,3,Fairy,Steel,tin,ka,ton,,
903,Wiglett,2,Water,,wi,glett,,,
904,Wugtrio,2,Water,,wug,trio,,,
905,Bombirdier,3,Flying,Dark,bom,bir,dier,,
906,Finizen,3,Water,,fi,ni,zen,,
907,Varoom,2,Steel,Poison,va,room,,,
908,Revavroom,3,Steel,Poison,re,va,vroom,,
909,Cyclizar,3,Dragon,Normal,cy,cli,zar,,
910,Orthworm,1,Steel,,orthworm,,,,
911,Glimmet,2,Rock,Poison,glim,met,,,
912,Glimmora,3,Rock,Poison,glim,mo,ra,,
913,Greavard,2,Ghost,,grea,vard,,,
914,Houndstone,3,Ghost,,hounds,to,ne,,
915,Flamigo,3,Flying,Fighting,fla,mi,go,,
916,Cetoddle,3,Ice,,ce,tod,dle,,
917,Cetitan,3,Ice,,ce,ti,tan,,
918,Veluza,3,Water,Psychic,ve,lu,za,,
919,Dondozo,3,Water,,don,do,zo,,
920,Annihilape,4,Fighting,Ghost,anni,hi,la,pe,
921,Clodsire,3,Poison,Ground,clo,dsi,re,,
922,Farigiraf,4,Normal,Psychic,fa,ri,gi,raf,
923,Kingambit,3,Dark,Steel,kin,gam,bit,,
924,Great Tusk,2,Ground,Fighting,great,tusk,,,
925,Scream Tail,2,Fairy,Psychic,scream,tail,,,
926,Brute Bonnet,4,Grass,Dark,bru,te,bon,net,
927,Flutter Mane,4,Ghost,Fairy,flut,ter,ma,ne,
928,Slither Wing,3,Bug,Fighting,slit,her,wing,,
929,Sandy Shocks,3,Electric,Ground,san,dy,shocks,,
930,Iron Treads,2,Ground,Steel,iron,treads,,,
931,Iron Bundle,3,Ice,Water,iron,bun,dle,,
932,Iron Hands,2,Fighting,Electric,iron,hands,,,
933,Iron Jugulis,4,Dark,Flying,iron,ju,gu,lis,
934,Iron Moth,2,Fire,Poison,iron,moth,,,
935,Iron Thorns,2,Rock,Electric,iron,thorns,,,
936,Frigibax,3,Dragon,Ice,fri,gi,bax,,
937,Arctibax,2,Dragon,Ice,arcti,bax,,,
938,Baxcalibur,4,Dragon,Ice,bax,ca,li,bur,
939,Gholdengo,3,Steel,Ghost,ghol,den,go,,
940,Wo-Chien,2,Dark,Grass,wo,chien,,,
941,Chien-Pao,2,Dark,Ice,chien,pao,,,
942,Ting-Lu,2,Dark,Ground,ting,lu,,,
943,Chi-Yu,2,Dark,Fire,chi,yu,,,
944,Roaring Moon,3,Dragon,Dark,roa,ring,moon,,
945,Iron Valiant,3,Fairy,Fighting,iron,va,liant,,
946,Walking Wake,4,Water,Dragon,wal,king,wa,ke,
947,Iron Leaves,3,Grass,Psychic,iron,lea,ves,,
948,Dipplin,2,Grass,Dragon,dip,plin,,,
949,Poltchageist,3,Grass,Ghost,poltc,ha,geist,,
950,Sinistcha,3,Grass,Ghost,si,nistc,ha,,
951,Okidogi,3,Poison,Fighting,oki,do,gi,,
952,Munkidori,4,Poison,Psychic,mun,ki,do,ri,
953,Fezandipiti,5,Poison,Fairy,fe,zan,di,pi,ti
954,Archaludon,3,Steel,Dragon,archa,lu,don,,
955,Hydrapple,3,Grass,Dragon,hy,drap,ple,,
956,Gouging Fire,4,Fire,Dragon,gou,ging,fi,re,
957,Raging Bolt,3,Electric,Dragon,ra,ging,bolt,,
958,Iron Boulder,3,Rock,Psychic,iron,boul,der,,
959,Iron Crown,2,Steel,Psychic,iron,crown,,,
960,Pecharunt,3,Poison,Ghost,pec,ha,runt,,
